{
  "type": "footer",
  "name": "Groupe de pied de page",
  "sections": {
    "bf5e08e7-a4d4-484a-9229-05d359a62590": {
      "type": "custom-border",
      "settings": {
        "divider_option": "space",
        "full_width": false,
        "width_border": 5,
        "opacity": 0.5,
        "color_border": "#000000",
        "wave_custom": "8",
        "color_border_fond_svg": "#ffffff",
        "color_border_svg": "#000000",
        "wave_fixe_height_desktop": 8,
        "wave_fixe_height_mobile": 4,
        "wave_animated": "1",
        "waves_position": "sp-waves-top",
        "color_border_svg_animated": "#000000",
        "blend_wave": false,
        "color_border_fond_svg_animated": "#ffffff",
        "blend_opacity": 1,
        "animation_speed": 12,
        "wave_height_desktop": 8,
        "wave_height_mobile": 4,
        "svg_border_top": "",
        "svg_border_bottom": "",
        "mt": 0,
        "mb": 0
      }
    },
    "newsletter": {
      "type": "newsletter",
      "settings": {
        "bg_color": "bg-primary text-white",
        "bg_gradient": false,
        "container": "container",
        "max_width": "960",
        "text_align": "text-center",
        "brand_image_size": "60",
        "subtitle": "<p></p>",
        "subtitle_size": "fs-5",
        "color_caption": "#6c757d",
        "title_overlay": "<p></p>",
        "title_overlay_size": "3",
        "color_title_overlay": "#000000",
        "title": "SUBSCRIBE TO OUR NEWSLETTER",
        "heading_tag": "h2",
        "title_size": "h3",
        "description": "<p>Get the latest updates, special offers, and pet care tips.</p>",
        "description_size": "fs-5",
        "input_group_size": "",
        "show_first_name": true,
        "first_name_placeholder": "Enter your name",
        "btn_color": "btn-primary",
        "notice": "<p>By signing up, you agree to our <a href=\"/pages/conditions-generales-de-vente\">Terms of Sale</a> and <a href=\"/pages/politique-de-confidentilaite\">Privacy Policy</a>.</p>",
        "pt": 0,
        "pb": 0,
        "mt": 0,
        "mb": 0
      }
    },
    "footer": {
      "type": "footer",
      "blocks": {
        "menu_xVQw8g": {
          "type": "menu",
          "settings": {
            "menu": "help-2",
            "title": "HELP",
            "title_size": "h6"
          }
        },
        "menu_6Cqn9w": {
          "type": "menu",
          "settings": {
            "menu": "legal",
            "title": "LEGAL",
            "title_size": "h6"
          }
        },
        "menu_g8wJjy": {
          "type": "menu",
          "settings": {
            "menu": "store",
            "title": "STORE",
            "title_size": "h6"
          }
        }
      },
      "block_order": [
        "menu_xVQw8g",
        "menu_6Cqn9w",
        "menu_g8wJjy"
      ],
      "settings": {
        "bg_color": "bg-tertiary text-white",
        "bg_gradient": false,
        "container": "container",
        "show_payment_icons": true,
        "show_social_icons": true,
        "show_powered_by": true,
        "show_theme_by": true,
        "language_selector_show": true,
        "currency_selector_show": true,
        "lang_currency_btn_color": "btn-outline-light",
        "show_about_area": true,
        "about_bg_color": "bg-dark text-white",
        "about_bg_gradient": false,
        "about_bg_transparent": false,
        "about_logo": "shopify://shop_images/LOGO_ARRONDI_NT12052025_-_1200x628.jpg-removebg-preview.png",
        "about_logo_height": 100,
        "svg_logo_footer": "",
        "logo_svg_height": 50,
        "about_description": "<p>A FALCON TRADING DIVISION</p><p>RCS PARIS 450 573 712</p>",
        "about_phone_text": "<p>+33 7 69 23 87 99</p>",
        "about_phone_url": "tel:+33769238799",
        "about_email_text": "<p>hello@thepetsociety.paris</p>",
        "about_email_url": "mailto:hello@thepetsociety.paris",
        "about_adresse_text": "<p>229 rue Saint-Honoré<br>FR 75001 PARIS</p>",
        "pt": 3,
        "pb": 0
      }
    }
  },
  "order": [
    "bf5e08e7-a4d4-484a-9229-05d359a62590",
    "newsletter",
    "footer"
  ]
}