{"type":"header","name":"Groupe d'en-tête","sections":{"announcement-bar":{"type":"announcement-bar","settings":{"homepage":false,"sticky":true,"bg_color":"bg-secondary text-white","bg_gradient":false,"max_width":"800","font_size":"fs-6","text_transform":"text-capitalize","expiration_time":"","controls":true,"autoplay":true,"pt":5,"pb":5}},"discount_bar_yPnbYM":{"type":"discount-bar","settings":{"bg_color":"bg-white text-dark","bg_gradient":true,"animation":"animate__zoomIn","animation_speed":"animate__slow","pt":3,"pb":3,"mt":0,"mb":0}},"navbar":{"type":"navbar","settings":{"bg_color":"bg-secondary text-white","bg_gradient":false,"bg_option":"","logo_filter":true,"container":"container","shadow":"shadow","layout_desktop":"navbar-desktop-logo-center","logo_svg":"","logo_svg_height_mobile":140,"logo_svg_height_desktop":200,"logo":"shopify:\/\/shop_images\/ENSIGNE_2.jpg","logo_height_mobile":96,"logo_height_desktop":200,"menu_desktop":"main-menu","always_show_toggle":true,"menu_desktop_font_family":"headings-font-family","shadow_sp_img_megamenu":"shadow-2","border_color_img_megamenu":"border-primary","menu_desktop_trigger":"menu-desktop-click","menu_mobile":"main-menu","mobile_menu_label":true,"menu_mobile_font_family":"headings-font-family","show_account":true,"utilities_menu":"","offcanvas_menu_show_cart_upsells":true,"language_selector_show":true,"currency_selector_show":true,"lang_currency_btn_color":"btn-outline-secondary","offcanvas_menu_show_social_icons":true,"pt":4,"pb":4}},"stories-bar-sticky-dynamic":{"type":"stories-bar-sticky-dynamic","settings":{"icon_size":"90","tooltip_bg":"#0F6378","tooltip_opacity":1}}},"order":["announcement-bar","discount_bar_yPnbYM","navbar","stories-bar-sticky-dynamic"]}