{"current":{"color_primary":"#816c58","color_secondary":"#889080","color_tertiary":"#435661","favicon":"shopify:\/\/shop_images\/IMG_5993_-_512x512_2ffa1362-0bf9-456c-8b72-ef90cdffd160.png","border_radius":"0.5rem","svg_h2":"h2svg11","width_svg_h2":10,"font_headings":"catamaran_n4","font_body":"libre_franklin_n4","animations_on_scroll":true,"social_facebook":"https:\/\/www.facebook.com\/profile.php?id=61573834333893","social_instagram":"https:\/\/www.instagram.com\/spencerandthecity\/","social_tiktok":"www.tiktok.com\/@thepetsociety_paris","social_email":"hello@thepetsociety.paris","social_phone":"+33(0)7 69 23 87 99","enable-image-drag":true,"enable_scroll_top_btn":true,"browser_tab_enable":false,"browser_tab_text":"Come back ❤️","wishlist_enable":true,"cooks":true,"bg_cooks":"bg-secondary text-white","cooks_subtitle":"Hey there! It’s us","cooks_titre":"the Cookies 🍪","cooks_description":"<p>We use cookies to make your experience on this site as smooth, sweet, and crunchy as possible. By staying here, you agree to our recipe.<\/p>","cookstxt-refused":"Decline","btn_color_cooks_refused":"btn-secondary","cookstxt-refuse":"Learn more","cookstxt-agree":"Agree","messengerchat":false,"enable_whatsapp":true,"whatsapp_number":"+33769238799","btn_text":"Chat with us !","dialog_name":"Alex","dialog_subtitle":"I usually reply within minutes","dialog_msg":"<p>Hello 👋<br\/>How can we help you?<\/p>","dialog_text_placeholder":"Type your message","cart_icon_type":"3","text_after":"Your cart is reserved for","end_message":"Time is up !","cart_goal_description_before":"<p>Only <strong>[amount]<\/strong> left for <strong>FREE SHIPPING!<\/strong><\/p>","cart_goal_description_after":"<p><strong>Congratulations! You qualify for FREE SHIPPING.<\/strong><\/p>","cart_testimonial":"<p>Join the<strong> 1,000+ <\/strong>customers who trusted Shopiweb to build their Shopify stores.<\/p>","cart_upsell_title":"Recommanded products","shipping_protection_text":"<p>Add Parcel Protection for only [price] and ensure peace of mind for your shipment!<\/p>","enable_right_clic":true,"enable_text_selection":true,"enable_image_drag":true,"sections":{"announcement-bar":{"type":"announcement-bar","settings":{"homepage":false,"sticky":true,"bg_color":"bg-dark text-white","bg_gradient":false,"max_width":"600","font_size":"","text_transform":"text-capitalize","expiration_time":"","controls":true,"autoplay":true,"pt":3,"pb":3}},"navbar":{"type":"navbar","blocks":{"navbar-0":{"type":"button","name":"Button","settings":{"btn_text":"Order","btn_url":"","btn_color":"btn-primary","btn_size":"btn-sm"}}},"block_order":["navbar-0"],"settings":{"bg_color":"bg-tertiary text-white","bg_gradient":false,"bg_option":"","logo_filter":false,"container":"container","shadow":"shadow-sm","layout_desktop":"navbar-desktop-logo-center","logo_svg":"<svg version=\"1.1\" id=\"logo-header\" xmlns=\"http:\/\/www.w3.org\/2000\/svg\" x=\"0px\" y=\"0px\" viewbox=\"0 0 336 100\" style=\"enable-background:new 0 0 336 100;\" xmlns:xlink=\"http:\/\/www.w3.org\/1999\/xlink\" xml:space=\"preserve\"> <style type=\"text\/css\"> \t.stlogo-header0{fill:#000000} \t.stlogo-header1{fill:#000000;} \t.stlogo-header2{fill-rule:evenodd;clip-rule:evenodd;fill:#000000;} \t.stlogo-header3{fill-rule:evenodd;clip-rule:evenodd;fill:#000000} <\/style> <g> \t<path class=\"stlogo-header0\" d=\"M126.5,30.1h-8.3v-3.2c0-0.3-0.1-0.6-0.4-0.9c-0.2-0.2-0.5-0.4-0.8-0.4h-3.4c-0.3,0-0.6,0.1-0.8,0.4 \t\tc-0.2,0.3-0.3,0.5-0.3,0.9v7.2c0,0.3,0.1,0.6,0.3,0.9c0.2,0.2,0.5,0.4,0.8,0.4h5.6c5.2,0.1,7.8,2.8,7.8,8.3v8.7 \t\tc0,5.5-2.6,8.3-7.8,8.3h-7.4c-5.2,0-7.8-2.8-7.8-8.3v-4.2h8.3v4.5c0,0.3,0.1,0.6,0.3,0.9c0.2,0.3,0.5,0.4,0.8,0.4h3.9 \t\tc0.3,0,0.6-0.1,0.8-0.4c0.2-0.2,0.4-0.5,0.4-0.9v-7.9c0-0.3-0.1-0.6-0.4-0.9c-0.2-0.2-0.5-0.4-0.8-0.4h-5.6c-5.2,0-7.8-2.8-7.8-8.3 \t\tv-8.1c0-5.5,2.6-8.3,7.8-8.3h6.9c5.2,0,7.8,2.8,7.8,8.3V30.1z\"><\/path> \t<path class=\"stlogo-header0\" d=\"M141.4,44v15.9h-8.8V19.4h8.8v17h6.9v-17h8.8v40.5h-8.8V44H141.4z\"><\/path> \t<path class=\"stlogo-header0\" d=\"M187.2,27.1v25.2c0,5.5-2.6,8.3-7.8,8.3h-8.3c-5.2,0-7.8-2.8-7.8-8.3V27.1c0-5.5,2.6-8.3,7.8-8.3h8.3 \t\tC184.7,18.8,187.2,21.6,187.2,27.1z M178.5,53.3V26c0-0.3-0.1-0.6-0.4-0.9c-0.2-0.2-0.5-0.4-0.8-0.4h-3.9c-0.3,0-0.6,0.1-0.8,0.4 \t\tc-0.2,0.3-0.3,0.5-0.3,0.9v27.3c0,0.3,0.1,0.6,0.3,0.9c0.2,0.3,0.5,0.4,0.8,0.4h3.9c0.3,0,0.6-0.1,0.8-0.4 \t\tC178.4,53.9,178.5,53.6,178.5,53.3z\"><\/path> \t<path class=\"stlogo-header0\" d=\"M209.5,19.4c5.2,0,7.8,2.8,7.8,8.3v8.1c0,5.5-2.6,8.3-7.8,8.3h-7.1v15.9h-8.8V19.4H209.5z M208.5,36.8V26.7 \t\tc0-0.3-0.1-0.6-0.4-0.9c-0.2-0.2-0.5-0.4-0.8-0.4h-4.9V38h4.9c0.3,0,0.6-0.1,0.8-0.4C208.3,37.4,208.5,37.1,208.5,36.8z\"><\/path> \t<path class=\"stlogo-header0\" d=\"M230.4,19.4v40.5h-8.8V19.4H230.4z\"><\/path> \t<path class=\"stlogo-header0\" d=\"M251.8,19.4h7.8l4.7,30.5l3.5-30.5h8.5l-6.6,40.5h-10l-4.1-24.8l-4.1,24.8h-10l-6.6-40.5h8.5l3.5,30.5 \t\tL251.8,19.4z\"><\/path> \t<path class=\"stlogo-header0\" d=\"M289.9,52.7h9.7v7.3h-18.5V19.4h18.5v7.1h-9.7v9.5h9.1V43h-9.1V52.7z\"><\/path> \t<path class=\"stlogo-header0\" d=\"M324.4,37.8c2.7,1,4.1,3.2,4.1,6.6v7.3c0,5.5-2.6,8.3-7.8,8.3h-16.1V19.4h15.6c5.2,0,7.8,2.8,7.8,8.3v3.7 \t\tC328,34.7,326.8,36.8,324.4,37.8z M318,25.4h-4.6v10.8h4.6c0.3,0,0.6-0.1,0.8-0.4c0.2-0.2,0.4-0.5,0.4-0.9v-8.3 \t\tc0-0.3-0.1-0.6-0.4-0.9C318.7,25.5,318.4,25.4,318,25.4z M319.7,52.7v-9.1c0-0.3-0.1-0.6-0.4-0.9c-0.2-0.2-0.5-0.4-0.8-0.4h-5.1 \t\tv11.6h5.1c0.3,0,0.6-0.1,0.8-0.4C319.6,53.3,319.7,53,319.7,52.7z\"><\/path> \t<path class=\"stlogo-header1\" d=\"M113.1,71.1c3,0,4.4,1.6,4.4,4.7v4.6c0,3.1-1.5,4.7-4.4,4.7h-4v9.1h-5V71.1H113.1z M112.5,81v-5.8 \t\tc0-0.2-0.1-0.4-0.2-0.5c-0.1-0.1-0.3-0.2-0.5-0.2H109v7.2h2.8c0.2,0,0.4-0.1,0.5-0.2C112.4,81.4,112.5,81.2,112.5,81z\"><\/path> \t<path class=\"stlogo-header1\" d=\"M126.8,84.8v9.5h-5V71.1h8.9c3,0,4.4,1.6,4.4,4.7v2.7c0,1.9-0.7,3.1-2,3.6c1.2,0.4,1.8,1.4,1.8,2.9v9.2h-5 \t\tv-8.8c0-0.5-0.2-0.7-0.7-0.7H126.8z M126.8,74.5v6.8h2.6c0.2,0,0.4-0.1,0.5-0.2c0.1-0.1,0.2-0.3,0.2-0.5v-5.3 \t\tc0-0.2-0.1-0.4-0.2-0.5c-0.1-0.1-0.3-0.2-0.5-0.2H126.8z\"><\/path> \t<path class=\"stlogo-header1\" d=\"M145.2,90.1h5.5v4.2h-10.5V71.1h10.5v4.1h-5.5v5.4h5.2v3.9h-5.2V90.1z\"><\/path> \t<path class=\"stlogo-header1\" d=\"M160.4,94.3h-5V75.5c0-3.1,1.5-4.7,4.4-4.7h2.6c1.7,0,3,0.6,3.7,1.7c0.7-1.1,1.9-1.7,3.7-1.7h2.6 \t\tc3,0,4.4,1.6,4.4,4.7v18.8h-5V75c0-0.2-0.1-0.4-0.2-0.5c-0.1-0.1-0.3-0.2-0.5-0.2h-1.9c-0.2,0-0.4,0.1-0.5,0.2 \t\tc-0.1,0.1-0.2,0.3-0.2,0.5v19.2h-5V75c0-0.2-0.1-0.4-0.2-0.5c-0.1-0.1-0.3-0.2-0.5-0.2H161c-0.2,0-0.4,0.1-0.5,0.2 \t\tc-0.1,0.1-0.2,0.3-0.2,0.5V94.3z\"><\/path> \t<path class=\"stlogo-header1\" d=\"M187.2,71.1v23.1h-5V71.1H187.2z\"><\/path> \t<path class=\"stlogo-header1\" d=\"M201,71.1h5v18.8c0,3.2-1.5,4.7-4.4,4.7h-4.4c-3,0-4.4-1.6-4.4-4.7V71.1h5v19.2c0,0.2,0.1,0.4,0.2,0.5 \t\tc0.1,0.1,0.3,0.2,0.5,0.2h1.9c0.2,0,0.3-0.1,0.5-0.2c0.1-0.1,0.2-0.3,0.2-0.5V71.1z\"><\/path> \t<path class=\"stlogo-header1\" d=\"M216.2,94.3h-5V75.5c0-3.1,1.5-4.7,4.4-4.7h2.6c1.7,0,3,0.6,3.7,1.7c0.7-1.1,1.9-1.7,3.7-1.7h2.6 \t\tc3,0,4.4,1.6,4.4,4.7v18.8h-5V75c0-0.2-0.1-0.4-0.2-0.5c-0.1-0.1-0.3-0.2-0.5-0.2h-1.9c-0.2,0-0.4,0.1-0.5,0.2 \t\tc-0.1,0.1-0.2,0.3-0.2,0.5v19.2h-5V75c0-0.2-0.1-0.4-0.2-0.5c-0.1-0.1-0.3-0.2-0.5-0.2h-1.9c-0.2,0-0.4,0.1-0.5,0.2 \t\tc-0.1,0.1-0.2,0.3-0.2,0.5V94.3z\"><\/path> \t<g> \t\t<path class=\"stlogo-header2\" d=\"M45.8,18.5H27.4c-0.1-0.5-0.1-1-0.1-1.5c0-5.2,4.2-9.3,9.3-9.3c5.2,0,9.3,4.2,9.3,9.3 \t\t\tC46,17.5,45.9,18,45.8,18.5z M16.8,79.6h7.9v-12c3.2,2.3,6.4,4.1,9.6,5.3c3.3,1.2,6.4,1.8,9.4,1.8c2.9,0,5.1-0.6,6.7-1.7 \t\t\tc1.6-1.1,2.4-2.7,2.4-4.6v-0.2c0-1.1-0.3-2.1-1-2.9c-0.7-0.8-1.6-1.5-2.9-2.1c-1.2-0.6-2.6-1.2-4.2-1.7l-4.9-1.5 \t\t\tc-2.1-0.7-4.3-1.4-6.4-2.2c-2.2-0.8-4.1-1.9-5.8-3.1s-3.1-2.9-4.2-4.7c-1.1-1.9-1.7-4.2-1.7-7v-0.2c0-2.7,0.5-5.2,1.6-7.4 \t\t\tc1.1-2.2,2.5-4.1,4.4-5.6c1.9-1.5,4.1-2.7,6.6-3.5s5.2-1.2,8.1-1.2c3.7,0,7.4,0.6,11.1,1.8c1.1,0.3,2.1,0.7,3.2,1.1v-9.5h-7.7 \t\t\tC49,18,49,17.5,49,17c0-6.8-5.5-12.4-12.4-12.4c-6.8,0-12.4,5.5-12.4,12.4c0,0.5,0,1,0.1,1.5H13.9L7.5,79.6H16.8L16.8,79.6z\"><\/path> \t\t<path class=\"stlogo-header3\" d=\"M58.4,41.2c-2.8-1.7-5.6-3-8.5-4c-2.9-1-5.5-1.5-7.9-1.5c-2.6,0-4.6,0.5-6,1.7c-1.4,1.1-2.1,2.5-2.1,4.2v0.2 \t\t\tc0,1,0.4,1.9,1.1,2.7c0.7,0.8,1.7,1.5,2.9,2.1c1.2,0.6,2.6,1.2,4.2,1.8c1.6,0.6,3.2,1.1,4.9,1.6c2.1,0.7,4.3,1.4,6.4,2.3 \t\t\tc2.1,0.9,4.1,2,5.8,3.2c1.7,1.3,3.1,2.8,4.2,4.7c1.1,1.8,1.6,4.1,1.6,6.7v0.2c0,3.1-0.5,5.8-1.6,8c-1.1,2.3-2.6,4.2-4.6,5.7 \t\t\tc-1.9,1.5-4.2,2.6-6.9,3.4c-2.6,0.8-5.5,1.2-8.5,1.2c-4.2,0-8.4-0.7-12.7-2.2c-1.2-0.4-2.4-0.9-3.6-1.4v13.7h53.9l-6.6-61.8H58.4 \t\t\tL58.4,41.2L58.4,41.2z\"><\/path> \t\t<path class=\"stlogo-header2\" d=\"M67.2,21.6l6.5,0.1l-0.9-6.5l-6.7-0.1L67.2,21.6z\"><\/path> \t\t<path class=\"stlogo-header3\" d=\"M74.1,22.1l1.1,10l10.3-0.2l-1.5-10.1L74.1,22.1z\"><\/path> \t\t<path class=\"stlogo-header3\" d=\"M82.3,15.6l0.7,6.2l6.4-0.1l-0.9-6.3L82.3,15.6z\"><\/path> \t\t<path class=\"stlogo-header2\" d=\"M75.4,8.5l0.7,6.2l6.4-0.1l-0.9-6.3L75.4,8.5z\"><\/path> \t<\/g> <\/g> <\/svg>","logo_svg_height_mobile":150,"logo_svg_height_desktop":200,"logo":"shopify:\/\/shop_images\/ENSIGNE_2.jpg","logo_height_mobile":100,"logo_height_desktop":200,"menu_desktop":"main-menu","always_show_toggle":true,"menu_desktop_font_family":"headings-font-family","shadow_sp_img_megamenu":"shadow-1","border_color_img_megamenu":"","menu_desktop_trigger":"menu-desktop-click","menu_mobile":"main-menu","mobile_menu_label":true,"menu_mobile_font_family":"","show_account":true,"utilities_menu":"","offcanvas_menu_show_cart_upsells":true,"language_selector_show":true,"currency_selector_show":true,"lang_currency_btn_color":"btn-outline-secondary","offcanvas_menu_show_social_icons":true,"pt":3,"pb":3}},"stories-bar-sticky":{"type":"stories-bar-sticky","settings":{}},"discount-bar":{"type":"discount-bar","settings":{"bg_color":"bg-body text-body","bg_gradient":false,"animation":"animate__zoomIn","animation_speed":"animate__fast","pt":3,"pb":3,"mt":0,"mb":0}},"stories-bar-sticky-dynamic":{"type":"stories-bar-sticky-dynamic","blocks":{"story_cyW3tT":{"type":"story","settings":{"title":"AU SPA","image":"shopify:\/\/shop_images\/AU_SPA_6685c178-30b5-4350-8386-acab704c7b3f.png","link":"shopify:\/\/collections\/spa"}},"story_fn8hhy":{"type":"story","settings":{"title":"LE RED CARPET","image":"shopify:\/\/shop_images\/LE_RED_CARPET_3dabb2cd-2bb3-4669-a0b5-aef245caeafa.png","link":"shopify:\/\/collections\/le-red-carpet"}},"story_t3WwbA":{"type":"story","settings":{"title":"FASHION DISTRICT","image":"shopify:\/\/shop_images\/FASHION_DISTRICT_32b077b7-6e2d-44e7-94b8-b390e9ccef24.png","link":"shopify:\/\/collections\/fashion-district"}},"story_Yz7MLt":{"type":"story","settings":{"title":"LE GOURMET BAR","image":"shopify:\/\/shop_images\/GOURMET_BAR_966b0ac7-a386-42d0-a626-75298509a113.png","link":"shopify:\/\/collections\/gourmet-bar"}},"story_UtRpr7":{"type":"story","settings":{"title":"PET TECH","image":"shopify:\/\/shop_images\/PET_TECH_65f116c7-0553-47c0-8ecc-87e7f5bb6f17.png","link":"shopify:\/\/collections\/pet-tech"}},"story_e9zAbz":{"type":"story","settings":{"title":"PLAYGROUND","image":"shopify:\/\/shop_images\/PLAYGROUND_4c92a517-7396-4632-8098-ebf3d0e6ba0c.png","link":"shopify:\/\/collections\/playground"}},"story_LXYX8U":{"type":"story","settings":{"title":"TIME FOR A WALK","image":"shopify:\/\/shop_images\/TIME_FOR_A_WALK_63b47b19-9e27-42f6-9228-232104346db5.png","link":"shopify:\/\/collections\/time-for-a-walk"}},"story_ayb69h":{"type":"story","settings":{"title":"TRAVEL  CORNER","image":"shopify:\/\/shop_images\/TRAVEL_CORNER_b8ea9368-181c-4682-8f7a-c6a56e0560ba.png","link":"shopify:\/\/collections\/travel-corner"}},"story_R8WADB":{"type":"story","settings":{"title":"WAY TOO RELAXED","image":"shopify:\/\/shop_images\/WAY_TOO_RELAXED2_715adaf6-4a8f-4bdd-81ee-5627b8feb2f4.png","link":"shopify:\/\/collections\/way-too-relaxed"}}},"block_order":["story_cyW3tT","story_fn8hhy","story_t3WwbA","story_Yz7MLt","story_UtRpr7","story_e9zAbz","story_LXYX8U","story_ayb69h","story_R8WADB"],"settings":{"icon_size":"90","tooltip_bg":"#0f6378","tooltip_opacity":1}}},"content_for_index":[],"blocks":{"15789145905799289410":{"type":"shopify:\/\/apps\/redirect-pro-404-seo\/blocks\/tracker\/68d49184-0465-4c21-8d3d-e051f7921c3f","disabled":false,"settings":{}}}}}