{
  "sections": {
    "2a27646b-e8bc-4cd1-91bc-be72dd0920c5": {
      "type": "parallax-image",
      "settings": {
        "img_mobile_opacity": 0.7,
        "img_mobile_blur": 0,
        "img_mobile_orientation": "down",
        "img_mobile_scale": 120,
        "img_desktop_opacity": 0.7,
        "img_desktop_blur": 0,
        "img_desktop_orientation": "down",
        "img_desktop_scale": 120,
        "max_width": "720",
        "subtitle": "Proposition de valeur unique",
        "subtitle_size": "fs-5",
        "color_caption": "#ffffff",
        "title": "Blogs",
        "title_size": "h1",
        "color_svg_h2": "#ffffff",
        "description": "<p>En fournissant un contenu informatif et attrayant, vous pouvez instaurer un climat de confiance avec votre public, établir votre marque en tant qu'autorité dans votre secteur d'activité et, en fin de compte, générer davantage de ventes.<\/p>",
        "description_size": "fs-5",
        "btn_text": "",
        "btn_url": "",
        "btn_color": "btn-primary",
        "btn_size": "",
        "pt": 13,
        "pb": 13,
        "mt": 0,
        "mb": 0
      }
    },
    "template-blog": {
      "type": "template-blog",
      "settings": {
        "title_show": false,
        "title_size": "h1",
        "limit": 33,
        "show_filter_by": true,
        "article_img_orientation": "landscape-2",
        "article_title_size": "h5",
        "article_meta_author": true,
        "article_meta_date": true,
        "article_excerpt": true,
        "border_color": "border-primary",
        "border_width": 1,
        "shadow_sp": "shadow-4",
        "breakpoint_xs": 1,
        "breakpoint_sm": 2,
        "breakpoint_md": 2,
        "breakpoint_lg": 3,
        "breakpoint_xl": 3,
        "breakpoint_xxl": 3,
        "pt": 5,
        "pb": 5,
        "mt": 5,
        "mb": 5
      }
    },
    "9879a288-607c-4e08-94a4-6e3baf292624": {
      "type": "newsletter",
      "settings": {
        "bg_color": "bg-dark text-white",
        "bg_gradient": false,
        "container": "container",
        "max_width": "960",
        "title": "S'abonner à la newsletter",
        "title_size": "h3",
        "description": "<p>Inscrivez-vous pour recevoir des informations sur nos dernières offres et d'autres sujets importants.<\/p>",
        "description_size": "fs-6",
        "input_group_size": "",
        "btn_color": "btn-primary",
        "notice": "<p>En vous inscrivant pour recevoir des courriels, vous acceptez nos <a href=\"#\" target=\"_blank\" title=\"#\">conditions général de vente<\/a> et notre <a href=\"#\" target=\"_blank\" title=\"#\">politique de confidentialité<\/a>.<\/p>",
        "pt": 10,
        "pb": 10,
        "mt": 0,
        "mb": 0
      }
    },
    "3f99cec1-9952-4176-b640-6d7d85438f02": {
      "type": "featured-products",
      "settings": {
        "products": [

        ],
        "collection": "collection-airpods-pro",
        "limit": 12,
        "bg_color": "bg-light text-body",
        "container": "container",
        "text_align": "text-center",
        "title": "Ils pourraient aussi vous intéresser",
        "title_size": "h3",
        "description": "<p>Nous pensons que vous préférerez ces produits.<\/p>",
        "description_size": "fs-5",
        "product_card_style": "",
        "product_img_mode": "gallery",
        "product_img_orientation": "square",
        "product_img_thumbnail": "img-thumbnail",
        "product_border_color": "border-primary",
        "product_shadow_sp": "shadow-2",
        "product_show_sale_badge": true,
        "product_sale_badge_color": "bg-success text-white",
        "product_title_size": "h5",
        "product_title_truncate": "text-truncate",
        "product_show_vendor": true,
        "product_show_atc_form": true,
        "product_form_show_inventory": true,
        "product_show_wishlist_btn": false,
        "carousel_enable": true,
        "carousel_arrows": true,
        "carousel_pagination": false,
        "carousel_easing": "cubic-bezier(.42,.65,.27,.99)",
        "carousel_speed": 400,
        "carousel_autoplay": false,
        "carousel_interval": 5,
        "carousel_per_move": "0",
        "carousel_rewind": true,
        "breakpoint_xs_partial": true,
        "breakpoint_xs": 2,
        "breakpoint_sm": 2,
        "breakpoint_md": 2,
        "breakpoint_lg": 3,
        "breakpoint_xl": 4,
        "breakpoint_xxl": 4,
        "btn_text": "Voir tous les produits",
        "btn_url": "shopify:\/\/collections\/all",
        "btn_color": "btn-primary",
        "pt": 10,
        "pb": 10,
        "mt": 0,
        "mb": 0
      }
    },
    "86f3aeff-d336-43dd-9439-d3a1ad9c3eae": {
      "type": "latest-articles",
      "disabled": true,
      "settings": {
        "blog": "infos",
        "limit": 3,
        "bg_color": "",
        "bg_gradient": false,
        "container": "container",
        "max_width": "991",
        "text_align": "text-center",
        "title": "Articles de blog",
        "title_size": "h2",
        "description": "<p>Maintenez l'intérêt de votre public et le tenir au courant de vos dernières offres, de vos promotions et de vos connaissances du secteur.<\/p>",
        "description_size": "fs-6",
        "article_img_orientation": "landscape-2",
        "article_title_size": "h5",
        "article_meta_author": true,
        "article_meta_date": true,
        "article_excerpt": true,
        "border_color": "border-primary",
        "border_width": 1,
        "shadow_sp": "shadow-4",
        "breakpoint_xs_scroll": true,
        "breakpoint_xs": 1,
        "breakpoint_sm": 2,
        "breakpoint_md": 2,
        "breakpoint_lg": 3,
        "breakpoint_xl": 3,
        "breakpoint_xxl": 3,
        "pt": 12,
        "pb": 12,
        "mt": 0,
        "mb": 0
      }
    }
  },
  "order": [
    "2a27646b-e8bc-4cd1-91bc-be72dd0920c5",
    "template-blog",
    "9879a288-607c-4e08-94a4-6e3baf292624",
    "3f99cec1-9952-4176-b640-6d7d85438f02",
    "86f3aeff-d336-43dd-9439-d3a1ad9c3eae"
  ]
}