{"sections":{"template-collection":{"type":"template-collection","settings":{"container":"container","text_align":"text-center","limit":20,"show_breadcrumbs":true,"enable_infinite_pagination":true,"show_filters":true,"filters_btn_color":"btn-secondary","show_sort_by":true,"show_collection_img":false,"img_opacity":0.6,"img_blur":0,"title_size":"h2","show_collection_description":true,"description_size":"fs-5","collections_menu":"","collections_menu_align":"justify-content-center","collections_menu_img_orientation":"potrait","collections_menu_img_thumbnail":"img-thumbnail","collections_menu_border_color":"border-primary","collections_menu_shadow_sp":"shadow-2","product_img_mode":"hover","product_img_orientation":"landscape","product_img_thumbnail":"img-thumbnail","product_border_color":"border-primary","product_shadow_sp":"shadow-2","product_show_sale_badge":true,"product_sale_badge_color":"bg-success text-white","product_title_size":"h5","product_title_truncate":"","product_show_vendor":false,"product_show_atc_form":true,"product_form_show_inventory":true,"product_show_wishlist_btn":true,"breakpoint_xs":2,"breakpoint_sm":2,"breakpoint_md":3,"breakpoint_lg":3,"breakpoint_xl":4,"breakpoint_xxl":4}}},"order":["template-collection"]}