{"sections":{"image_but_qmhh7X":{"type":"image-but","name":"Image avec texte + boutons","settings":{"image":"shopify:\/\/shop_images\/TB_TOUCAN_VERDURE2_1200x800_DESKTOP_-_MODIFIED_30887a17-85b3-4aad-8599-f5b54c0e3583.png","title_key":"custom_sections.image_banner.title","text_key":"custom_sections.image_banner.text","btn_primary_label_key":"custom_sections.image_banner.primary_button","btn_primary_url":"shopify:\/\/collections","btn_secondary_label_key":"custom_sections.image_banner.secondary_button","btn_secondary_url":"shopify:\/\/pages\/about-us","custom_class":"image-banner","mt":0,"mb":0,"pt":0,"pb":0}},"carousel":{"type":"carousel","settings":{}},"shop_multicolumn":{"type":"multicolumn","blocks":{"column_B69zgA":{"type":"column","settings":{"heading":"","text":""}}},"block_order":["column_B69zgA"],"settings":{}},"stories_bar_sticky_dynamic":{"type":"stories-bar-sticky-dynamic","settings":{"icon_size":"90","tooltip_bg":"#0f6378","tooltip_opacity":1}}},"order":["image_but_qmhh7X","carousel","shop_multicolumn","stories_bar_sticky_dynamic"]}