{"sections":{"f66f8bfb-17fa-4447-80a2-b66b805d47f1":{"type":"template-list-collections","blocks":{"collection_block_HU4C6V":{"type":"collection_block","settings":{"collection":"le-red-carpet"}},"collection_block_9NVVUi":{"type":"collection_block","disabled":true,"settings":{"collection":"fashion-district"}},"collection_block_FNaQd4":{"type":"collection_block","settings":{"collection":"playground"}},"collection_block_RGp3nz":{"type":"collection_block","settings":{"collection":"time-for-a-walk"}},"collection_block_QrLRGW":{"type":"collection_block","settings":{"collection":"pet-tech"}},"collection_block_FecyJP":{"type":"collection_block","settings":{"collection":""}}},"block_order":["collection_block_HU4C6V","collection_block_9NVVUi","collection_block_FNaQd4","collection_block_RGp3nz","collection_block_QrLRGW","collection_block_FecyJP"],"settings":{"show_breadcrumbs":true,"bg_color":"","text_align":"text-center","pt":10,"pb":10,"mt":0,"mb":0}}},"order":["f66f8bfb-17fa-4447-80a2-b66b805d47f1"]}