{
  "layout": "password",
  "sections": {
    "template-password": {
      "type": "template-password",
      "settings": {
        "bg_color": "bg-light",
        "border_color": "border-primary",
        "border_width": 1,
        "shadow_sp": "shadow-4",
        "show_social_icons": true,
        "logo_svg": "",
        "logo_svg_height_desktop": 18,
        "logo_height": 40,
        "countdown_timer": "2024-03-17 11h10am",
        "countdown_title": "Ouverture dans :",
        "show_newsletter_form": true,
        "newsletter_form_title": "Soyez les premiers à être informés de notre lancement.",
        "show_password_form": true,
        "password_form_title": "Entrer en utilisant le mot de passe"
      }
    }
  },
  "order": [
    "template-password"
  ]
}